prompt,base_clip,lora_clip,delta_clip
When your code works on first try,20.19146728515625,25.82268714904785,5.631219863891602
POV: You forgot to save your weights,26.825916290283203,28.20050048828125,1.3745841979980469
Debugging at 3am,21.324752807617188,25.0460147857666,3.721261978149414
GPU be like: not enough memory,21.97057342529297,25.3748779296875,3.4043045043945312
When deadline is tomorrow,21.56782341003418,20.900300979614258,-0.6675224304199219
